{"cameraMode":{"drawMode":0,"name":"Shaded","section":"Shading Mode"},"sceneLighting":true,"audioPlay":false,"sceneViewState":{"m_AlwaysRefresh":false,"showFog":true,"showSkybox":true,"showFlares":true,"showImageEffects":true,"showParticleSystems":true,"showVisualEffectGraphs":true,"m_FxEnabled":true},"in2DMode":false,"pivot":{"x":-0.3003697395324707,"y":0.6021262407302856,"z":0.6716411113739014},"rotation":{"x":0.06944619864225388,"y":0.419613778591156,"z":-0.029845772311091424,"w":0.9048694372177124},"size":2.8124663829803469,"orthographic":false}