{"cameraMode":{"drawMode":0,"name":"Shaded","section":"Shading Mode"},"sceneLighting":true,"audioPlay":false,"sceneViewState":{"m_AlwaysRefresh":false,"showFog":true,"showSkybox":true,"showFlares":true,"showImageEffects":true,"showParticleSystems":true,"showVisualEffectGraphs":true,"m_FxEnabled":true},"in2DMode":false,"pivot":{"x":-124.38018035888672,"y":135.44825744628907,"z":232.62136840820313},"rotation":{"x":-0.04657527804374695,"y":-0.8438748717308044,"z":-0.5295343399047852,"w":0.07413027435541153},"size":15.308624267578125,"orthographic":false}